x,y
962654.3432413061,1954989.496581779
962687.3313488696,1955848.4340170352
962572.2972181619,1954749.6195802144
962997.6890761891,1956339.5861556288
962989.0560302326,1956576.1361350177
963218.7170181464,1956542.781235625
963121.6915219885,1956630.319019304
963250.4903470766,1957468.0072613591
963146.2094613446,1957362.82488649
963078.1933074454,1957100.2364191099
963065.0472394542,1956885.7813920928
963273.7951468324,1957151.421430464
963203.0130893894,1957034.3091171063
963175.7040218079,1956407.4134340242
963199.6222077899,1956206.7031436216
963006.5304810484,1956873.7553680688
963177.4491356062,1956109.422298482
963096.3844344503,1956127.2801204484
963140.039265071,1956200.0774143527
962966.6376986369,1956755.5993847195
963050.0397419387,1956408.881395429
963078.7944384122,1956987.7761437248
962994.378063217,1957333.5035382954
963519.1559198201,1957587.3022916103
963507.6318972806,1957475.69991696
963195.3530822296,1957399.3422385158
963172.0292563407,1953627.6682810485
962994.1778840909,1953512.918864367
962976.4401807785,1953825.049756919
963299.0620651918,1953903.475864533
963217.7522310948,1953565.053394179
963012.4607937047,1953711.8503419107
962892.443759869,1953654.6788443057
963045.5354797961,1953583.2957325538
962981.1153592343,1957333.9401274568
963131.7703148273,1957097.3989683157
963018.4253348587,1957143.5837568105
963273.411116603,1956574.0364951538
963269.8876035789,1957406.2446771518
963220.1740993868,1956953.7805756798
963441.3508652016,1957341.2677088275
963495.6383686208,1957473.711402061
963243.9072419401,1957356.954657646
963174.8395522732,1956728.6822455763
963212.2265375722,1956286.0629287383
963132.7640550064,1957298.5190258198
963174.3864156683,1956763.687444238
963109.9674771111,1956079.4828247582
962753.1552884202,1956867.8928422797
962695.0300526379,1956621.8897558888
962621.2999325516,1956032.8945132855
962631.0664819711,1957067.269285654
962610.0991625022,1956689.1165132197
962653.497969435,1956265.049955647
962673.3601651371,1956112.9895602874
962620.3011038179,1956786.52220082
962724.8804382065,1956384.9263996556
962646.09350146,1956449.0140459149
962884.4740841252,1956233.9610630218
962607.5720078317,1956873.940768975
962820.4262259979,1956300.3207908962
962795.9260688862,1956487.2773044677
962862.4421296858,1956056.85399914
962544.2482441326,1956777.035104644
962603.2684849113,1955945.4220374988
962924.2555819985,1956044.8716639073
962934.2642494569,1956066.328641284
962494.6396952049,1956250.1093896027
962682.1924682329,1957221.4336238063
962723.8089088508,1956550.6219389637
962778.0417402433,1956388.7333056587
962716.4891968993,1956826.0961396236
962769.0054778794,1956736.2573992235
962527.8962535436,1956329.5266080822
962912.4733104298,1956320.8424722883
963892.8598616552,1954307.5646299254
963643.3368061279,1953915.9239429878
963876.9183279275,1954496.381331879
964289.1501683074,1954041.1566594443
964107.054710279,1953762.5217562984
964118.3215822529,1954556.982853027
963456.3681543034,1953793.02012339
963988.4658898931,1954011.393889834
963702.8864057912,1954167.0243586823
963770.2392382016,1953690.440418501
964161.7882983063,1954641.6187732287
963517.236687724,1953885.15919226
964139.8993671254,1954439.0813239058
963833.3784483116,1954244.306541355
964017.5331846734,1953725.5264679033
964259.3352545128,1953632.2635088577
963868.4802562066,1954043.7910152893
963969.705306108,1954407.1196460528
963569.4245027615,1954276.094648339
963383.826721526,1955808.1243757089
963584.5407251557,1955552.348986655
963659.5683090109,1955609.5347242241
963122.4400541702,1955853.820101099
963439.8583813882,1955463.9520944671
963228.9575180078,1955256.3536640925
954596.8778498461,1950669.152495589
954267.9177575536,1951880.3078461953
953647.1921749272,1951428.8638168287
953304.8206784396,1951796.9190951856
953497.8011251467,1951562.8400194056
953999.6576486838,1951282.6659346886
953900.6567755614,1950950.3679924584
953900.6567755614,1950950.3679924584
953812.582485844,1950995.237989939
953856.9900694527,1951039.370399877
953701.1117467643,1951594.9865904541
953349.3517126744,1951863.238037574
954045.6621711007,1951615.2588045092
953228.9746384876,1950876.465954651
953138.6454519704,1950521.9379776497
953008.4830471679,1950933.1876343295
953201.2879463272,1950665.8183342882
953738.6444350433,1950407.619072844
954278.726125303,1950637.616318797
954481.8732691963,1950636.4984189656
954428.451454643,1950559.12751985
954314.1172058042,1950648.516123688
953537.2325226492,1950719.4034006803
953558.2274761248,1950730.3806917688
954308.281394409,1951192.1994229618
954325.700639947,1951147.7237159081
954146.607041168,1950704.9155460596
953782.6225717945,1950374.0890337673
953791.8263484917,1950440.6072690242
954509.3448400364,1950813.8662482286
954535.841725266,1950813.7208840689
953554.2757696956,1950608.3585794845
953992.2423602842,1951537.890617011
954030.1533652418,1952003.6677836336
953496.8673828735,1951396.421053704
953496.805134531,1951385.3264574944
954901.8293808312,1951521.7961730277
954901.8897539257,1951532.8907643866
954893.058227677,1951532.938827371
954892.9978427758,1951521.8442359648
954303.3035890157,1951891.2075765305
952748.1133629769,1950191.306255644
952739.2803876812,1950191.3565964699
953239.371525386,1951153.7809072456
953256.7225996781,1951098.2083144314
953283.2186152464,1951098.0589436293
953318.0467948354,1951009.103182788
953406.3054257907,1950997.5116804566
953406.4925103924,1951030.7954513342
953371.2890265556,1951053.183285728
953353.8122217517,1951086.5664430829
953345.105095575,1951108.8053327817
953867.3658768572,1951316.6860068326
954859.6055868671,1951877.063605701
952811.9016495371,1950534.8861861934
952873.7299124624,1950534.5345136938
952846.9165929251,1950479.2122510308
952891.1429716422,1950490.055782522
952935.4951927311,1950523.0887171228
952944.5167205803,1950556.3223355792
952988.8683765805,1950589.3555531993
953024.0099836148,1950555.8715375203
953033.4082361006,1950655.6727636491
954043.3860534729,1951204.7588369732
954408.4839050784,1951746.3940835388
954080.0044240238,1951437.5494709215
954391.6150961423,1951890.721058605
953964.4536854787,1951305.0512572953
954258.4129705413,1951758.315991998
954215.5437704818,1951991.546450992
954026.3992087393,1951326.897297747
954347.3371005036,1951868.7749998115
954205.0573641533,1951692.0410430252
954038.984399185,1952003.6187977553
954433.2088314173,1951424.5051230837
954184.4508916321,1951159.598187819
954311.7065629057,1951813.4966834637
954114.1025432851,1951215.461979914
953890.3435840448,1950684.147088059
953731.6692747584,1950740.5057968
953553.8406836065,1950530.6965055633
953510.7975224581,1950730.646534023
953847.3549880038,1950895.1899358465
953529.7061910054,1950952.439226791
953687.6313303115,1950762.9415601857
954518.055391964,1950791.6286220967
954368.4556235244,1950892.3050304872
953805.1725069652,1951250.4627783878
954646.9290982691,1951745.0857028232
953617.4690734365,1950852.0932865422
953668.9745661212,1950585.5269332912
954741.6500076061,1951300.7709396523
954767.4793195601,1951178.5858437635
954714.0635786533,1951101.213099543
954574.454357473,1951412.6348404256
954739.1056547381,1950834.7983957068
954626.0473732498,1951157.1690380597
954654.7284130859,1951556.4292660023
954821.982663889,1951455.6615311075
954650.7829471142,1950835.2811113992
957655.167227549,1952924.3835813596
955273.6966685776,1952970.4423682934
956824.4187425679,1952369.080830202
956263.3875514636,1953249.2564194202
956940.2660386561,1953158.0954309208
956128.095854474,1952567.4546293032
955894.4711066408,1954107.7119516397
955766.144310132,1953711.6024523524
956456.6135557385,1953544.9586986902
957839.0688336809,1952973.518913645
957183.7603458607,1952986.8658591465
955347.0385615947,1954402.9148843004
957655.167227549,1952924.3835813596
956263.3875514636,1953249.2564194202
957648.6238089462,1952444.1881383003
955132.1555305494,1953092.517682493
955508.1078494907,1952241.0199646873
957156.3814771875,1953054.1315916455
955295.3607601565,1954349.9823141769
956203.0131170338,1952122.7071270768
955508.1078494907,1952241.0199646873
955132.1555305494,1953092.517682493
957648.6238089462,1952444.1881383003
956263.3875514636,1953249.2564194202
957655.167227549,1952924.3835813596
955347.0385615947,1954402.9148843004
957183.7603458607,1952986.8658591465
957839.0688336809,1952973.518913645
956456.6135557385,1953544.9586986902
955766.144310132,1953711.6024523524
955894.4711066408,1954107.7119516397
956128.095854474,1952567.4546293032
956940.2660386561,1953158.0954309208
956263.3875514636,1953249.2564194202
956824.4187425679,1952369.080830202
955273.6966685776,1952970.4423682934
957655.167227549,1952924.3835813596
956203.0131170338,1952122.7071270768
955295.3607601565,1954349.9823141769
957156.3814771875,1953054.1315916455
954640.9056434539,1954105.9684950681
955104.6306810135,1954247.0544929854
952843.0386931277,1953460.45239659
953068.7993291016,1954454.6133915312
952856.4609753503,1952999.8318280128
953274.4624628577,1952123.520564346
952979.5263555979,1952227.6897736113
954376.2640292855,1952535.0888446986
952972.6066889698,1956077.806233009
953442.7529111643,1956865.891023095
953823.2012451009,1957126.3783729703
954331.6059767934,1952107.1155091717
954396.9727322871,1952219.1283920368
952884.9940960568,1954595.787218075
953001.8887287665,1954285.4612018338
954640.9056434539,1954105.9684950681
954640.9056434539,1954105.9684950681
954981.3526345192,1952177.241349373
953068.7993291016,1954454.6133915312
953556.896118165,1954483.1924334157
952856.4609753503,1952999.8318280128
954337.2683666869,1955660.6339210465
952525.4437475282,1953031.225995867
952788.1040075799,1953117.2643696226
953607.1696936158,1953713.096936028
954493.8148675329,1952617.98729185
954424.976067211,1953861.0010671155
952212.2603607458,1956523.0793185148
952233.0109279393,1953050.8809154525
952826.7809632621,1953567.0569299227
952606.2433642149,1952939.1187194744
952880.4345014341,1953235.6769453883
953830.1025362907,1957129.4464647877
955341.5812841477,1951951.007031511
952788.1040075799,1953117.2643696226
952525.4437475282,1953031.225995867
954337.2683666869,1955660.6339210465
952856.4609753503,1952999.8318280128
953556.896118165,1954483.1924334157
953068.7993291016,1954454.6133915312
954981.3526345192,1952177.241349373
954640.9056434539,1954105.9684950681
954640.9056434539,1954105.9684950681
953001.8887287665,1954285.4612018338
952884.9940960568,1954595.787218075
954396.9727322871,1952219.1283920368
954331.6059767934,1952107.1155091717
953823.2012451009,1957126.3783729703
953442.7529111643,1956865.891023095
952972.6066889698,1956077.806233009
954376.2640292855,1952535.0888446986
952979.5263555979,1952227.6897736113
953274.4624628577,1952123.520564346
952856.4609753503,1952999.8318280128
953068.7993291016,1954454.6133915312
952843.0386931277,1953460.45239659
955104.6306810135,1954247.0544929854
954640.9056434539,1954105.9684950681
955341.5812841477,1951951.007031511
953830.1025362907,1957129.4464647877
949024.5570232972,1957169.9753539327
948997.457594752,1957212.303892572
948980.47013944,1957176.9041765502
950012.8504391324,1957281.5536470446
949851.260407339,1956977.41572866
949439.6682224482,1957651.1760994764
949566.2333162386,1958289.4836539181
949552.0669246565,1958281.803448076
949645.3285749074,1958235.7450238816
949667.3154155127,1958223.4065342841
949490.1116189155,1958396.4616192684
949778.0659159843,1958441.3076129633
950841.9400475007,1956746.2401477748
950767.6628722585,1956723.382054227
950716.2008966041,1956678.198514202
949184.4708440321,1956909.3655336974
949045.3732099322,1956680.5516859347
949431.1024295602,1956538.3869964518
950057.3074685743,1957482.1068388594
949967.4618321111,1957073.2397724679
949476.0643796942,1957396.8751243337
949320.4493419566,1957782.828290524
949723.6070026652,1957757.0683551752
949459.2460559821,1957677.684797142
949102.7634674021,1958118.1288649621
949915.4272397398,1959411.300248964
949916.0608823283,1959370.244325322
948707.0975742082,1958779.6260585207
948687.8940811502,1958528.9942936245
949686.6499491417,1958355.3211113885
947965.1618909405,1956984.6237681678
948797.6116286297,1957863.7140727795
948571.9985525953,1957771.9143015398
948658.8266089064,1957115.6514555323
948372.2840889287,1957446.9605590093
948148.3554624162,1956640.633552587
948447.889218322,1956832.9272090127
948398.572790887,1956426.042805845
950582.0294577678,1959187.6050421335
950667.5570468996,1959177.1086625324
950668.0223512184,1959107.206519277
950561.2844821911,1959112.2821082068
950470.083418479,1959059.5712564767
950331.1003767352,1958984.9579955137
950442.4154015408,1959301.6111612385
950450.7420274111,1959365.9130994366
948029.1655466062,1957338.1571812674
948031.9734554786,1957363.658422799
947991.3145846856,1957073.2206288571
947939.4244443027,1957102.3943714104
949090.6273375428,1957580.0887926898
948863.5787084433,1958256.0746167612
948890.9207328347,1958253.6865834326
948616.5850402726,1957845.9748017446
948635.2826093778,1957872.4870641711
948682.8306528925,1958139.585345051
948705.6300140203,1958116.1440813034
948615.4913598733,1957101.4967753924
948642.7751667605,1957089.1227191007
948436.4045159768,1957397.741984304
948389.6024745901,1957393.5957466539
949067.8542058961,1959327.7167655285
949897.9924697407,1959155.1077666925
949904.2685108695,1958734.5635270423
949055.1124530174,1959121.42502664
949364.7554957914,1958965.3002426012
949897.189201624,1959313.773362901
949169.5955238468,1958940.9787314013
948880.1914843436,1960371.8226702756
948797.5860667394,1960424.4814295117
948887.6540307346,1960437.238187917
948881.7346357644,1959908.034026203
948770.7022606196,1960214.9487504335
948618.3935478623,1960408.9506586741
948904.2537297567,1956983.2095455062
949018.8932515224,1956966.9692278248
948999.4495874081,1956819.5237500847
949539.8080006678,1956850.6058230337
950220.051209317,1957687.4951932582
950006.6477994375,1956985.351493239
949420.606471881,1957564.7505461974
949590.0397037104,1957417.260610765
949346.5519345029,1958010.1188828212
949346.5519345029,1958010.1188828212
951596.6034455716,1961571.4960865455
948609.531587323,1958273.182433073
947747.9429833401,1957388.747214458
949127.5657659397,1957415.6534461249
950076.7087189608,1959233.911847741
950693.8859400562,1959745.0229079449
950599.4941598423,1960042.9365254063
950640.7225682349,1959855.182154802
950639.6493557126,1959675.4471502926
950897.6751264164,1960037.8312627932
950767.5447374452,1960112.9428411892
950787.1126270129,1960139.4546755261
950365.8330498755,1959626.0489250026
948896.2196329142,1960253.0049514829
948888.7707425172,1960189.808397644
948418.4356327822,1960459.0150549102
953880.2832365389,1950399.9511179654
943817.5870693126,1949397.1136102213
954631.2751856924,1949124.5755675675
954639.7572079699,1949433.2787840387
954532.3777042874,1949440.9897119608
953976.0804885149,1949459.933912644
953982.371122899,1949838.9653381356
954075.0471867124,1950175.9731482791
953814.4018318803,1949961.4150945407
954068.6760913,1949502.5475633226
954102.9989997351,1950168.611119627
954335.5620647757,1949939.4565305512
954495.7065911635,1949498.751143103
954367.9879107963,1950070.7293393605
954034.1682626486,1950082.206896145
954523.4168656544,1949723.9364493934
953697.4699475013,1949709.323942957
954204.9074453186,1950006.927367761
954129.3853325264,1949942.1245021839
953912.4993663934,1949966.4921882774
954209.7175822785,1949556.6596316756
954088.0077924579,1949900.3836812694
954400.7774697018,1949770.370825791
954535.2139382962,1949861.6260070468
953999.7496412237,1949516.1880002092
954498.8365170613,1949938.7575748484
954267.8164506734,1950116.955631439
954033.0130699388,1949636.3688440477
953935.0627042773,1949717.3093796843
953966.0399836086,1950128.951606074
953902.3190198604,1949800.4812525162
954068.5611934639,1950309.4808944673
953810.5553317503,1949687.9313999512
952689.51826216,1949343.5990958675
952689.51826216,1949343.5990958675
952694.9651544003,1949617.0746687886
952708.8798611724,1949676.1801137456
952386.8096672529,1948888.5652805078
952453.5560106933,1948964.1826744834
952346.1745122492,1948992.3442387192
952683.0784894107,1948807.8065621674
952646.3748076968,1948898.3841148093
952760.320780031,1948821.8063707042
952739.5299570145,1949574.8529086963
952537.0826606961,1948949.5461014842
952373.8802708467,1949089.3900035636
952689.51826216,1949343.5990958675
952689.51826216,1949343.5990958675
952826.7375292841,1948979.799470151
952566.9723249044,1948806.2506500182
952335.3038337373,1948902.4401502733
952526.3359480299,1949033.7736921264
952777.4498913208,1948920.8829768095
952686.6063488205,1948946.1545005166
951841.0491396197,1948339.252478059
951734.7034852655,1948373.4037452575
951239.9368717608,1948272.1784200678
951875.404516174,1948137.326328338
952068.5583566978,1948385.4002295588
952073.4393800314,1948457.9772128027
952111.6825976679,1948050.0846462133
951980.1370468971,1948434.4839920232
952176.2006048938,1948231.1122132791
951734.6773918198,1948368.9182169407
954490.4527243096,1949563.5686042958
954228.2715119687,1949888.4445626608
954017.8499457428,1950021.1144820228
953935.0202297035,1949709.6630051336
953935.0202297035,1949709.6630051336
954123.4881038405,1950262.0688936282
954416.1340738132,1949587.8363505362
954618.7431785134,1949701.6393838031
953979.9514754558,1950189.2562365425
954479.9991250429,1949860.7195818776
954272.5469935699,1949792.643211964
954269.4828532364,1949667.9034896113
954177.4928955106,1949739.1668028662
953815.2358318833,1949516.366954043
953890.666899843,1949639.9228199148
953796.9435115492,1949837.1516830407
954157.9391754041,1950070.6675328717
951612.9342024698,1948182.1163334902
951843.6604036876,1948334.0016256657
951734.7034852655,1948373.4037452575
952017.8616426646,1948006.4300366398
952157.4239884489,1948158.8372154215
952081.8113985014,1948263.0576385022
951838.2942241612,1948226.905714519
951733.661734291,1948176.0942748487
952071.1764967527,1948333.9046640163
952279.8539844664,1948162.9884333566
952031.7447605865,1948060.3376392543
951868.8609939928,1948185.1578839123
951886.6016923292,1948288.6272212951
951846.3983719726,1948021.7346282098
952159.2225306769,1948081.5418750462
952476.5994637238,1948236.7154883626
952794.3702399423,1948447.6973511365
953325.2122484533,1948422.9501130222
953035.9718113249,1948245.7469907166
948990.6332808939,1944542.7514651988
946823.9211212925,1944379.278927186
946728.2951953852,1944161.535822585
947245.9793690147,1943906.4774815023
946681.0138314473,1944219.8335894512
947032.0733934994,1944466.3007951926
946835.825794718,1944286.3656022095
946994.1005064449,1944215.7390721564
946750.2835774589,1944766.2295264734
946657.9093339519,1946393.4768729694
946615.0816358521,1946428.9920798356
945716.4961003294,1946603.8818175355
945867.469543483,1946293.1429790633
945997.2114103048,1946582.1900966014
946024.2952788343,1946610.3784214477
946286.7632474395,1946549.2624930507
946299.849895878,1946577.7441896717
946627.4355459387,1946644.7128385962
945679.2049101774,1946294.8328435577
945722.2791965889,1946286.7125432699
946387.553869067,1946056.7048398084
946591.7119245455,1945554.432366862
945760.2618401912,1946256.7496605346
946016.3852536258,1946543.667748967
945588.3670748868,1946637.9345848893
945939.0425251446,1946158.364815476
947486.129372102,1945992.7467716532
945694.2235407495,1946499.4268205229
946971.9253491549,1945764.3919559703
946781.5570911495,1945683.7319206265
946530.9755769846,1945748.1179726839
947252.2612562778,1945871.5594714514
946898.9126911578,1946060.0174718208
946644.0114389999,1945850.693208499
946288.1710896755,1946117.9468797918
947275.653881464,1946283.340088053
946259.8872026005,1945847.0510439354
946314.582147099,1945936.7199690535
946209.3549113647,1946221.4620369566
946404.9417938866,1945688.9207993082
946176.6190112928,1946135.3627042747
946550.5090040452,1945617.829053735
946373.9931033537,1945625.0014475477
947363.3881336115,1946104.1086811174
947130.1846567321,1946499.3603999699
947406.0694247241,1945998.6677813928
946693.2718152683,1946036.1393322756
945825.447638337,1946580.419871021
946683.1040785022,1945914.3404576033
946713.6962050264,1945587.1135802225
946362.0937325591,1946288.182465517
945951.2999078431,1946027.9263239969
946666.8674175318,1945681.5429736194
946879.3312161004,1946014.9050787408
946679.8029759385,1945953.551407406
946802.2682565721,1945862.2341774213
946331.6330938155,1946043.7864309342
946469.0016898783,1945960.5094074747
945880.7619157083,1946131.87450758
946525.1780760633,1945513.430642298
946460.3836462484,1946404.4584995732
947343.7797986597,1945917.7495931094
946985.1433657949,1945954.8562694672
946415.5162436928,1945884.0502793223
946098.3875979304,1946414.497104863
946302.3178386979,1946457.8554360657
946410.6884065131,1946102.827247687
945803.3795192806,1946118.469339978
945563.3573213199,1946360.1823176157
946606.848211935,1946527.0405869873
946608.8870662242,1946422.1907263887
948189.8081998755,1945158.4182734105
948167.0936335946,1945208.1444345266
948136.4711691826,1945321.9512423438
948353.5779224973,1945366.9143139587
948249.5020794354,1945543.81657496
948320.0765647321,1945397.608296095
948276.9980588384,1945028.5865737512
948208.7374733719,1945594.4673051038
948425.3143046426,1944958.8746320612
948236.9085902736,1945145.4697250293
948312.1186832231,1945118.695259263
948324.1265610716,1945245.91844307
948287.5177345684,1945370.9678169645
948322.5476066379,1945527.6956761517
948557.1421136556,1945050.880807473
948170.3944247348,1945217.2793926646
948205.9142525895,1945151.6364504753
948241.1179695388,1944977.0088615261
948299.2388953642,1945295.922930126
948183.8889973501,1945086.5943081437
948385.5939940023,1945035.9848903348
948453.9654078186,1945052.1295299584
948246.6165019901,1945204.1115073387
948391.2854756105,1945483.9613342767
948251.240498778,1945265.335705555
948312.7873068149,1945578.373817427
948302.7506275965,1945066.313287442
948442.7953926092,1945384.278374402
948381.642963757,1945636.1463896444
944350.1464437618,1946436.0173058677
944812.477343103,1947000.998624239
944665.5862115067,1949422.5912167781
944492.9262577925,1949480.2643112824
943964.0340992908,1949183.9843952311
944205.8976965497,1948969.8829244317
940402.7570656544,1948561.8402536174
941663.4527347039,1947177.1941384787
941079.1699174881,1948969.9728899628
940944.2555308822,1949316.6582607045
942468.3572710818,1946356.086467716
941151.3298648618,1946651.3478192212
941283.8378140841,1946241.5539283527
941844.8570926356,1945812.3305461765
943050.3634947754,1945783.5624451505
943190.6919601847,1945870.8073390664
943685.2355242862,1947116.5234789583
943817.1148885739,1947108.640052381
944623.7859635232,1946069.7154543435
944235.2422316035,1945498.9229553689
942183.2422856387,1945414.5387501488
941126.8329210422,1945836.0287236888
943763.4747129896,1945803.5564339973
940851.6729567028,1948722.1715661567
941508.4288640005,1947963.3778650092
943439.6528575465,1947089.234748963
943807.4935154624,1947175.4975990315
941148.4387803791,1947176.0579681299
941934.4912534565,1945789.1803664449
941726.0470207162,1946148.9015808185
943179.6458868678,1946865.557724637
941676.8950433807,1945731.626288732
941646.0441837903,1945818.9396472252
944768.6371400337,1947305.073042317
944843.5068725613,1949422.347203072
944871.7114169631,1949253.0171390537
944569.5067923953,1949057.9817696144
944685.7743663196,1949164.495415182
944421.1174042812,1949788.1452873754
944185.8932922978,1948924.860373644
944257.0547064245,1949759.2893841418
944183.3494484986,1949098.2940731233
944180.2128394563,1949879.4115826031
944173.9120373607,1948076.2765863123
943035.5074805509,1946181.8669917935
943191.8624213837,1946003.163665414
943095.9154175597,1946175.6834087525
943191.8624213837,1946003.163665414
943153.3278573777,1945860.9664668066
943268.0827736715,1947289.1186547496
942968.3101663655,1946267.5385027227
942901.1663672838,1947247.4756382348
942957.0820941029,1947357.70950973
944045.1697685478,1946974.2917411192
943709.9047821489,1947144.7596092809
943806.5215242798,1947175.504178157
944532.6696049303,1945778.8565709353
944760.1142067878,1947060.0397502945
944777.3107901006,1948754.5875292963
945039.3751403908,1949264.220241439
944766.5912536386,1949254.4929971767
945530.7364487429,1949262.7547411495
944772.3383929385,1948644.6682666065
944068.9726915448,1949404.4019949276
943964.1546779757,1949306.4737106357
942622.4200188201,1946819.905572623
944711.2645881564,1948932.873970454
944992.0727314021,1949551.563951455
944495.2927180431,1949664.9366229083
944110.6279103591,1949738.9720541302
944079.8565369443,1949603.597015265
944035.8888081554,1948860.9643931496
943936.3266527758,1949424.1845948542
944343.7698865049,1948621.680186319
943987.5878623717,1948184.155910561
945730.5672040085,1949140.619702104
944390.6281390244,1949535.9357184963
942809.0202830696,1946929.6802118046
942123.5764878732,1947011.6520418064
943931.8491213523,1947479.8826858562
945172.6941162422,1946202.09859179
945227.7483897996,1946697.128911877
945578.489108992,1948300.0546402868
940980.8705062016,1947831.52933993
944763.648181322,1946595.022291625
941276.1841982098,1945934.050961319
943153.3278573777,1945860.9664668066
943831.2332554988,1946896.6283961283
942211.0508150889,1945638.4662592525
944864.6671125938,1946849.204310716
941579.0313417165,1945639.0040862092
944674.1888285044,1949440.8407649803
942555.3978055881,1946380.2260003062
941264.1110053492,1946001.483776979
941314.1723775776,1946006.8993655383
941251.5539512768,1945875.5319019682
944099.3941318778,1947034.8384479205
941015.4562934377,1946829.2795175083
944081.0198235614,1949291.2615143093
944049.6144418792,1947830.3586712193
966273.5047799251,1948525.058485191
966449.5333743508,1948360.2541562694
966833.0416096097,1948554.8649032428
966741.7202484527,1948121.7622042508
966399.9438098539,1948506.5717670994
966628.5124195993,1948443.8513543839
966756.4514170545,1948204.0255161182
966365.6214133669,1948474.0925912673
966538.0258634173,1948417.5888359223
966657.5776309677,1948026.0203473477
966537.623727403,1948536.8581532035
966279.4512574399,1948357.9485327376
966408.5648173613,1948584.6433285458
966813.0498924127,1948327.8371160184
966520.524614019,1948306.1580753562
966560.3599928115,1948697.861050673
966598.6737348302,1948559.245112197
966460.8720313961,1948542.3827648617
967103.6867884794,1942120.134788841
967253.2926040149,1942211.5176007615
967923.5360941107,1943120.0981332988
967935.384220027,1942960.2907704976
967968.0597117859,1943317.9641673442
967472.0012414145,1941978.2276567477
967835.1448564758,1942370.2263417626
967346.3559344657,1942269.5086386364
967330.7093667327,1942562.4663807766
967266.7924162883,1942182.0638397916
967370.9581201331,1942455.467623238
967862.7952314728,1943209.755100797
967430.2311308,1942555.0860100386
968145.8184000362,1942229.4599112356
967367.6144818435,1942211.9553367782
967791.1922596024,1943142.4666140904
967671.4671144607,1942681.7310236886
967942.1475798263,1942032.5386503367
967553.0784816493,1942566.4764285109
967406.2653169642,1942711.1694777224
967182.9578125235,1942065.7908334068
967414.9809142828,1942341.131880769
967604.3804507952,1942889.9043845308
963266.8603487666,1945574.439602593
963316.438513564,1945473.8136102392
963681.5090103915,1945244.7677994343
963591.3105094603,1945133.1068617771
963344.1781102131,1944910.6369966827
963491.6425459008,1944838.3157797249
962845.6449432377,1944844.1770077888
966663.5370352519,1948541.3435356598
966667.4242625161,1948541.3279070272
962975.2433755373,1944769.9295329964
963180.7208843437,1945222.6764882829
963468.9410858137,1945303.5036756801
963132.969540847,1945336.6087399048
962789.5547641999,1944753.562897671
962705.873486903,1944660.1884285163
962668.2542723462,1944667.9018478107
963526.1866478997,1944541.0492255758
963944.527718011,1945079.8642051416
963157.550270501,1944900.8121858812
963241.6910645446,1944660.4618282213
963451.011125852,1944984.943990258
963393.2033722427,1944503.0250548194
963437.527873226,1945315.0694739602
963259.8120684716,1944600.8033382925
963104.188569096,1944806.7445409694
963655.8458058687,1945156.6775932512
963861.1322718128,1944967.1723296132
963546.729866348,1945547.7990265223
963240.3758896482,1945161.946209605
963757.3524038488,1944862.5583895547
963574.2281274335,1944623.9372454702
963035.3125239722,1944722.3986438361
963492.3141829253,1945151.8477999181
962967.8136383757,1945561.345271427
963194.4821179955,1945057.1940408444
963062.0441118502,1945227.6415495316
963270.6509804479,1945352.5294815302
963230.756216615,1945085.3246942589
963148.1800908683,1945099.6701029039
966509.1917000714,1948475.1756377013
966213.3269498356,1947198.9364717465
966053.9366773607,1947936.4945872487
965980.152904856,1948042.1962905638
965923.5652361406,1948161.0306661383
966213.4030117557,1947044.0548373305
966138.6629482263,1947394.1740104733
965661.0769473548,1947521.950922795
966536.1656540773,1947825.252276559
966546.9710196886,1947700.2828461127
966376.5004400492,1947496.4976959564
966266.3449797627,1947329.5266426667
966414.8446144328,1948041.0900924753
966267.6985074084,1947510.2530692136
966037.4336786857,1947207.5319771182
965794.2613933184,1947421.659583327
966340.3489313893,1947754.5951172304
966178.0216636796,1947945.3071145013
966147.7188393293,1947621.2447018812
966074.8761204493,1947785.1886118867
955017.1814043056,1954692.4806021652
954994.4669667985,1954694.3060180158
955278.1911458531,1954615.2047160435
957802.0427773558,1953739.2664100516
957751.9260636087,1953787.4963190292
956549.2979514318,1957545.0161324686
957922.1630654882,1955225.462320902
955529.8652806357,1956604.7651553808
955522.945955709,1955075.741869869
956657.2831335339,1956805.2329696913
958284.4526890197,1954941.1229500645
956616.9811943527,1955266.0290029047
956852.4814028344,1953402.813433425
957879.9708223278,1953206.2924176734
957550.9668078901,1953633.4838280773
956225.5910726627,1957427.977731088
956225.5910726627,1957427.977731088
957977.3092101418,1954903.566971446
957835.2246016476,1955282.1882262425
957141.811607006,1956038.4998857428
956831.6475273089,1954391.0347892265
956449.3874148426,1954439.0474328399
956459.2299857091,1954061.0300037041
956953.1391967676,1954002.1274985548
957982.3608388865,1955656.8734946437
956657.2724377628,1956548.7959863036
956905.4715303506,1956923.343813765
958081.6951349386,1956366.092871364
958050.7982013811,1956509.8069595455
958000.4967059098,1956492.4800046969
957997.5508244736,1956332.9518663927
958006.1468556356,1956379.690063733
958030.7132095397,1956348.769173417
958008.5476041373,1956370.9794422074
955567.0516187355,1956576.9776640292
955991.3526873187,1956312.8172398978
955986.4726796788,1956824.0612963275
956043.4970414984,1957021.4885962757
956024.8057958604,1956513.7681068298
956293.6519289738,1957142.117037825
956791.7816543003,1956701.5769223832
957161.3518125523,1956692.6174479052
957999.0542316538,1955982.268657911
957998.8865232104,1955982.2695091816
956168.40793306,1956674.5479407653
957899.8179322798,1956678.9475181233
958237.7163379632,1955929.419306264
957879.6135576313,1954606.1926848663
957444.6241871082,1955024.7545025565
957934.6865771071,1954811.4182580295
957394.4752704584,1955186.5624827237
957008.3722065466,1954312.9233708926
956845.1696352412,1954226.0658919034
957605.0487136523,1953426.7550437776
957782.9875510518,1953125.827880295
957568.548267706,1953254.72582267
957612.137559708,1953781.825586944
958830.7037232907,1953878.601313664
957883.4855508774,1954129.9416292121
958630.9962777816,1953560.5909373623
958186.2854208164,1953848.8342624106
957788.3736047443,1955269.6412438934
957091.8530158057,1956479.711308282
957107.4968484862,1956006.9949335668
955963.6160668902,1957338.6012512115
957872.7057999332,1955864.581206623
957490.8237927215,1956539.1699813157
956528.5422246669,1957625.897854331
956528.5422246669,1957625.897854331
956671.5316801118,1955045.8025541352
956854.0207337043,1953408.4649299134
956854.0207337043,1953408.4649299134
957892.6452458054,1956372.5947844074
957989.5655093727,1956319.5908261274
957998.8865232104,1955982.2695091816
957373.6381937447,1955975.990601347
957262.5379420816,1956067.5966328895
956839.9871262917,1956460.6554358408
955941.8874801095,1956334.2718935949
956729.8315673064,1955925.4305318806
957848.9054685769,1955524.4284971377
958282.5660506532,1955505.5820577512
958071.966516131,1953209.2679957438
957949.0571233784,1953818.5294154198
957936.1210748486,1953774.8534701595
958222.6675473022,1955805.543802738
958222.6675473022,1955805.543802738
956860.7861683675,1956471.5420753409
957550.9668078901,1953633.4838280773
955165.1946230333,1954872.6710786032
958038.5669676556,1956273.555552902
957157.7733556927,1955414.9387913356
955188.6352098461,1955908.3737748242
957129.5040456332,1954157.9360296545
956731.7381631604,1955925.420562654
958090.2621982468,1953537.3023684237
958198.0520980546,1953278.071323376
958611.6152758403,1954127.572312323
958693.751724093,1953761.369136902
958574.0803461855,1953533.9903409097
961276.6036947953,1948142.8161535396
960602.6497055291,1951787.843114047
962186.6079900302,1951028.3798263723
960245.1234965462,1952101.6262870962
959297.2554930971,1952299.0797554252
960798.966948369,1951598.3111384306
958746.0979265437,1951326.2356916484
957907.9504785214,1949750.9438078692
957533.6855787791,1949576.3666358204
959498.4393390727,1951124.4595863982
959660.461339977,1951185.456407828
960468.2759997731,1948336.1720616862
958696.4670274213,1950020.8095505873
960327.5426707618,1949915.0763003996
960419.5378829996,1949845.649162152
960296.7262698773,1949672.2922878277
960055.0572569424,1949731.4345043362
961129.2227177531,1948700.8393415923
961301.0086281409,1948537.0872930067
961365.3881447143,1948755.1762553598
960935.3237089628,1948319.1476999484
960877.8684213416,1949571.762452095
960693.9340740026,1949724.997054352
962084.0269853412,1950110.434262298
961895.9551652682,1949805.7246193767
958424.5302673132,1951430.6920195294
958384.4196690376,1951225.6275183458
959094.8945927909,1951413.3873941705
958852.2142324111,1951664.300593766
958765.8584280902,1951777.7309388432
959214.1670611815,1951003.9548484522
959301.8431945702,1952116.635697578
958835.2783608844,1950831.0289813252
958698.8875580657,1950912.5555889122
960530.516097409,1948666.000376626
960198.9584199962,1951067.3111561043
960210.4730976379,1950939.8652173935
960140.3105169766,1951342.2674399782
959498.3903758021,1950837.9248714056
959576.348755019,1950932.7711289376
960028.087639539,1950986.0208301512
959353.3182409279,1950798.4274317403
958941.8356036656,1949759.7279472717
958768.87068132,1949808.8265540383
958655.01313451,1950222.8976226558
958737.7370197042,1950187.7808453802
958125.2481927846,1950607.7406170203
957788.464261499,1950638.6504619557
958678.6927159746,1950105.5405342788
957847.7949341465,1950248.1206302515
957880.6623838199,1950084.5931497538
958195.8951389841,1949785.034856699
960252.215265048,1948823.0779353
958035.2818663433,1949875.5701175644
957679.0191293275,1949661.109304277
960419.4037831906,1948405.3923796876
960153.1955228914,1949116.843601755
961121.6445573668,1948235.7383938855
961231.1059649027,1948291.088096126
960753.7327376002,1948975.583426304
960897.77503271,1948933.8523282865
961053.4677079392,1948644.8999523835
960741.4784759099,1948663.7231641298
960511.3719174025,1948467.5950465857
960659.5938488401,1948454.1871660575
960725.7042752452,1948321.4024234968
960122.9059173433,1949824.636996092
960034.196016762,1950018.058167969
959781.5023628009,1949745.0278477909
961294.9338036395,1948967.5367023873
961575.9143324253,1948950.9968626604
961289.0582058787,1949298.5319945742
961506.6606767534,1949131.6189563032
961508.3327244589,1949491.780455268
960691.6472018315,1949810.9148068998
960603.171079499,1949346.2082429968
961694.3540520573,1949785.9065042518
962002.9379666338,1950208.5726807546
962376.014104143,1950744.3679272153
960871.6798976961,1951400.5796589246
958719.8433968152,1951195.5915100926
958813.944327595,1951285.2689012585
958481.6505081685,1951399.928082547
959091.2190508416,1951624.1742438704
959175.7753150932,1951554.7694883125
959103.9378140715,1951744.3130015563
959041.420626045,1952046.3906029006
959182.2573570558,1952187.4766222162
959234.2842624477,1951805.8905473938
959902.6364508056,1951519.4779097142
960037.1285272661,1951324.1473035156
959612.0812881461,1951905.1919638037
959563.2110092689,1951554.5672197097
959973.8044886858,1952024.4811550174
960219.5992513028,1951437.1132550354
960865.3364569629,1951056.0160444668
960819.1958178217,1951274.280283019
960779.0804717783,1951483.1190538448
960520.4707965067,1951368.3842136017
959055.2810350952,1951443.2062586094
954511.8134714619,1942395.0858248945
956038.804369469,1941571.4066898609
954552.5514432187,1942569.0509033925
954659.2141265894,1942348.791954875
955571.639138705,1943171.5338983538
955592.3199048619,1942409.2135852021
955571.639138705,1943171.5338983538
954659.2141265894,1942348.791954875
954511.8134714619,1942395.0858248945
954552.5514432187,1942569.0509033925
956038.804369469,1941571.4066898609
960302.7160004145,1945672.73777925
960302.7160004145,1945672.73777925
956931.5408653024,1943212.081795988
956748.2198336903,1942301.0468490277
956790.4603910461,1942432.8544002438
956739.1122423618,1942419.8078285865
957968.6700550384,1944809.95980183
959654.5596490222,1941416.60906062
959973.268096599,1940944.655337942
957731.0572938134,1944840.0121316253
957764.1656651051,1940570.5976256786
959879.9402497931,1941395.5479461846
959942.5096248365,1941535.0388665462
959942.5096248365,1941535.0388665462
959973.268096599,1940944.655337942
959879.9402497931,1941395.5479461846
959654.5596490222,1941416.60906062
957764.1656651051,1940570.5976256786
956739.1122423618,1942419.8078285865
956790.4603910461,1942432.8544002438
956748.2198336903,1942301.0468490277
957968.6700550384,1944809.95980183
956931.5408653024,1943212.081795988
948453.4046150211,1954000.0019772055
949641.6858022338,1951002.1487533115
949889.1130886994,1952000.4985555187
950215.4863061424,1953978.4339398837
947694.865555969,1952869.4796993216
948702.3289144499,1953506.6423440808
948436.5039977977,1953838.1065612019
948470.5665585211,1953314.0809632656
951999.0948919397,1951571.6063038115
952452.6556904325,1951153.421079805
950736.2499280979,1950812.175224888
950571.520116707,1950686.0947102713
949965.0643233168,1950762.8285189192
949679.736805514,1952317.344491783
949874.9367471472,1951823.4909582536
950302.2932094139,1953022.8430599794
951021.4798126494,1954002.9491033563
951591.7565107074,1954823.8586157495
950217.3399044767,1954960.8188554267
950759.422833303,1950870.9930242915
948624.8019271243,1952119.324390608
948487.1490631973,1952210.3761877918
948698.0748722942,1952173.4703897042
952476.6397959621,1951043.293642433
951279.7604407276,1950726.9703881848
950168.7650493722,1953007.3176673772
949733.7307978177,1953567.7197499755
949588.7355420885,1953548.5177188336
950287.7840446827,1953803.9659584458
947764.0423615058,1952944.8660615687
948871.1422512316,1953477.3605912754
948436.7595510815,1953057.804039393
949647.0491405366,1952754.1275615303
952555.0479273254,1951195.089544355
951117.9960784134,1954254.88871198
948313.577756882,1953604.2802299873
948318.2112698015,1953664.7983594092
948262.7707005524,1953713.013132314
948392.3310709492,1953862.354841583
948451.5178884664,1953776.286661556
948373.2534722022,1953723.984742595
952882.6140646586,1951037.7452926782
952566.5842835023,1951891.3381047032
950661.4621244494,1950765.8678750042
950575.4802003845,1950954.7686165054
950080.8262260631,1951037.1903948663
950688.6466249131,1953488.8359244931
949998.2314391059,1952838.6697283296
950858.3626968816,1953875.5224100724
950611.2972784918,1953596.8931436355
949514.7213043855,1952084.271602755
950516.2904642957,1953953.1718682281
951398.5871339095,1953989.6779507964
952528.3925321886,1951344.7101715787
952721.0110943839,1951327.7911430355
952293.939609641,1951381.970674699
952407.4507461842,1950890.089736658
952331.6256711711,1950845.9214346271
950062.6904898615,1950939.954217292
949271.8871359526,1952352.7457042483
949140.9630008161,1952303.1888612183
949512.3901016958,1953892.7401156372
949437.005828871,1953483.582177712
949221.931128523,1953364.4308184385
950510.5067558347,1950580.1408938412
951018.4946262827,1954201.3394774059
950479.5774821264,1953871.8349034323
951589.9692513751,1953559.034207863
951061.514671392,1951437.98901385
951825.1012915784,1951723.882600771
948582.0423762251,1953093.0045089794
950324.4764382583,1950686.1931949952
948716.7232436183,1953200.2468904618
951166.4342859224,1954740.3496426959
951276.6757010488,1954827.445387613
951683.6937527594,1951044.4191246738
950239.7306087033,1952899.3646544593
952114.1056878295,1955036.368714473
948778.577460769,1953132.9564852987
952033.3869222525,1953994.8773954397
950628.411967615,1953849.1723262034
948731.2176955959,1952956.9109620804
951233.3569187293,1950741.100839742
951300.1200542154,1955069.9418209603
952830.6379282486,1951970.8153372267
952778.8487852735,1951897.6205348268
947955.1715371892,1952977.66974296
947809.4750609484,1952975.7125898509
951861.0382220027,1953183.2495313617
951708.4679236842,1953206.830172839
949459.2213311157,1953031.9452389893
948801.9489673823,1953334.0811501802
948922.9334463013,1953111.3895795064
949210.1861900738,1953418.981833187
949218.9052331928,1952811.6821366556
948255.310548517,1953793.7188735125
948532.7434378732,1953047.594447891
948591.0651292062,1953437.0713578474
948430.8032323611,1953238.6332776113
948565.0920938251,1953619.8288673148
947450.984224612,1952904.3514039316
952101.4127518707,1947709.7519704958
952101.4127518707,1947709.7519704958
952101.4127518707,1947709.7519704958
950117.7241010552,1950669.5238584098
949130.2038054587,1951334.3079737078
947519.1832322422,1951258.8075321047
947689.8104720709,1950556.9650337975
947768.7092552235,1950195.5456746493
949267.3270220617,1950548.383528353
948312.8789229991,1950314.4034631872
949857.1165278372,1950287.6136136039
950153.9741477066,1949239.5665209254
951447.1969871881,1950606.8946698974
951184.0773101508,1950278.6969815341
950637.3392923644,1948949.2053991335
951130.6464188556,1948286.1353247596
952024.0299921645,1950599.9863220684
952047.834278425,1950638.1262281835
951757.7896864499,1950657.5608132228
952702.7465951266,1949856.9415751908
947472.8930639031,1952623.0194174952
947472.8930639031,1952623.0194174952
947472.8930639031,1952623.0194174952
947472.8930639031,1952623.0194174952
947472.8930639031,1952623.0194174952
947472.8930639031,1952623.0194174952
951653.6078850284,1950150.24011715
947562.9536585588,1950177.42779293
946854.0449668367,1953024.6142070913
946864.7233160709,1953078.6898920909
945193.743257706,1953517.2929226672
945223.9632772956,1953881.1254834067
947789.5476331578,1952297.8183531296
948098.8395435198,1951850.6302918138
947825.9975150363,1951831.2626493406
948556.435800842,1951699.1037142107
948227.6435196499,1950937.700028011
947885.8953952789,1951103.8260966786
947096.9030774701,1950592.7913365397
947725.1959423212,1950299.2257091599
947701.5665563815,1950236.1329097627
947926.5917577528,1950594.1963919725
948063.5638209681,1950589.897858711
947483.2030528255,1950695.8497581496
948857.2979150348,1949645.548678268
948341.9801315339,1949540.7875829823
947955.3761298503,1949874.61302039
948234.3237514611,1949857.1123189698
948119.7963005971,1949977.4324120327
947899.9346707966,1950147.2334258067
949093.0116846805,1950239.5679662076
948900.1443794416,1950606.3353124242
949111.3583422905,1950177.6561090555
949296.9235897096,1950809.3793057068
950219.4976647272,1950456.5150503193
948357.4309297068,1950773.4605574124
949140.3099865634,1949814.005854595
949884.8914788531,1949840.8720221724
949323.2317998369,1949997.8399070164
949560.2666409278,1949407.36133316
949116.3356217835,1949433.9269985857
949305.0915898766,1949457.956872084
949860.2234986628,1949588.831933813
946751.2804550509,1953179.052386073
951449.2380271452,1949854.2001065563
951213.4090791418,1949648.9958608025
950560.1513845499,1949546.5744310156
950518.7044512199,1949825.30554651
950631.2366315164,1949526.9567004493
950294.74240484,1949452.18917017
950412.743789148,1949079.0246165346
950229.0579141878,1949032.0834357894
948323.258460053,1951936.8790413414
948651.3405455449,1951721.7038951877
948204.1736688043,1951026.49607926
948531.7490163452,1951648.9963659295
947600.5631616716,1951362.1426126824
948735.2608321831,1951539.1146464187
948821.9160629924,1951412.6503983291
949032.4202249118,1951116.8911332244
949203.4997365932,1951649.6232839373
948704.3526644132,1951710.9463002007
947265.5543114106,1950833.589530978
947655.1342143866,1951066.5581010124
947072.04262522,1950752.60806499
947366.9849608464,1950184.438652385
947891.9361974141,1950519.0787085753
947849.4499796553,1950434.9124709913
947820.0674356755,1950692.6134854755
948504.6994062728,1949639.741907175
948429.5391633313,1949429.2925279997
947817.7625954092,1949806.9103587903
947783.8303214938,1949987.6402507878
949525.0884954891,1950376.8348074965
949440.089394228,1950387.3381571635
948295.2604833525,1950251.271585815
948620.3154295947,1950221.0698559238
949779.2565620407,1950529.068339551
948968.3276382167,1949629.109883864
950111.9546126229,1944050.7137689341
949834.8403010267,1944124.956141783
950261.1922604165,1944293.4384218678
950374.816413244,1943929.3626433779
950588.3967611358,1944391.2700695153
951276.0715638696,1944148.5102137777
952629.3129315239,1945000.640319015
952711.1367619517,1944822.669766278
952122.8079832941,1945326.0112491997
952638.6488298596,1944725.087510758
949389.14336163,1944529.1771486735
949686.4175606048,1944562.3903500645
950250.733337856,1945187.5823591005
949655.2000786557,1945916.086527351
949482.7145759925,1944605.854866854
949129.9936205994,1944220.6580808097
948287.066445407,1943159.4917995583
947841.0859204683,1942831.967100213
948459.4040875372,1943158.5789153671
948131.591021066,1943248.6851357196
948338.0435017896,1943271.9823414192
949444.5102832199,1943960.6809056452
949677.813215043,1944071.406421687
949486.5885614901,1943826.9045269084
949214.0979784728,1943868.3339876663
954357.8137762214,1943097.349736183
954271.5305811723,1944018.2826843434
950325.5425025453,1945345.5310461852
952220.0765248055,1945645.7843908472
950635.1035186949,1945283.5121473994
951362.0613870661,1944605.4955367395
950560.6783015006,1944519.3723357355
949896.8765526615,1943681.9810609047
951048.188846138,1943853.8208634187
952365.0089048635,1945227.561775245
953574.3339141291,1941859.1362355046
954430.2827391671,1943945.4672884955
953348.0682395215,1942926.3595087957
953284.5608294116,1942109.3824756863
952880.2099576349,1942997.6135623716
949383.2490681806,1944398.854487707
948189.7234727924,1943126.0188519177
949139.3280711708,1944019.8784377163
951425.0663031276,1945554.4303134754
950324.5949453794,1945317.1459548573
951637.0739175933,1944512.4704298512
950234.848414762,1944906.9642308985
949942.976559055,1944231.9455375425
950121.3975273238,1944398.5418799755
952833.9658568111,1944835.6136117356
953842.3126382919,1941873.7116115638
954377.033280966,1943327.5664423562
953300.5794428609,1943397.6451864073
953483.6604595239,1941952.7837503674
953173.8626933454,1942724.9532840617
949157.786657845,1944711.9406858387
948278.9148298958,1943206.3186830424
949340.1504290308,1943886.059760694
951290.5668042855,1945375.205750402
951354.1059484925,1945746.3390545426
952120.3403855811,1945613.924086549
951107.4019198832,1945672.8729518147
950687.9316477218,1945518.749727746
951240.8135719555,1945493.8280277043
952051.1164996474,1945529.1204026376
950357.2646417698,1945672.4492754142
950364.1724256766,1945164.5896036716
950448.6893183083,1945495.2257107727
950558.6940613616,1945427.4670099616
950326.2659569585,1945784.175137431
950417.309202585,1945459.0050567505
950408.7867053828,1944906.4421182277
951230.3680051905,1945107.2181055832
950659.7167446173,1944644.8037091848
951120.7881288843,1944802.705229791
948006.0526582523,1943025.426436899
948150.7721551977,1943170.2098140393
949436.6138914161,1944130.264642009
949511.0693715736,1944070.2910517498
952602.7570459298,1943611.6676796786
952022.1323232423,1944059.3882963106
951695.1355191835,1944151.4886061545
953202.4380231535,1944798.4741866004
950560.8993430227,1943956.3667004083
954126.1710029539,1942016.557818012
953887.2484150094,1942430.0773314103
953455.3910492783,1941824.5775456484
954288.9056928637,1943977.404792074
954324.7700226123,1942822.821098177
954283.254111129,1943136.5314048596
953974.8672033978,1942893.0508975394
953400.6242401167,1943261.5638053652
953247.651970506,1943520.2830879693
953581.2519163364,1942637.2260376
953131.5006020095,1942578.4288858264
951750.1551257188,1944271.9552936922
953298.6528121093,1942656.716035816
950991.4401754213,1945671.8878201905
952109.3939581814,1945812.3125588382
951229.9772227107,1944807.3246378344
960500.5287667469,1955494.398703705
960587.3622623294,1955558.8032067476
960158.4189010576,1952648.536796148
960492.9574756284,1953043.723561011
960277.0383445075,1952560.033809301
960877.4814209976,1953944.7200118466
960458.6605307553,1953418.9185920716
960283.3762219413,1952962.8005472475
960606.4413240581,1953711.8649637986
960875.6662104453,1953018.5997808832
961046.2146328163,1952980.0589631626
961079.1322944094,1952682.954408758
960241.6867129734,1952829.87464039
960782.422873388,1953876.6834428522
960864.162929031,1952966.7713515519
960079.554172302,1952789.6990068315
960681.3412104961,1953256.3916395106
960825.9805113708,1953817.671191809
960784.3882706052,1953238.3509672054
960920.1646695811,1953023.1160778846
960750.8316113397,1953293.5625553299
960474.0531108778,1953097.5460941964
960572.5162321678,1953525.8703616923
960767.5677348707,1953079.9963166264
960659.4784834702,1953680.1122913088
960337.8392614739,1952630.5985240203
961000.2101401781,1952976.4067110363
960769.656014264,1952588.7737018734
960213.0284675346,1952906.2604736437
960636.7515637041,1953057.8404749972
961016.3591646106,1953038.0368146917
960874.8505036045,1953075.8330217095
960982.1608199691,1952884.4545412834
960698.8637567372,1952963.2870558193
960829.7404398345,1953158.5108725475
960892.8307099439,1953756.8416344146
960651.2026679632,1952034.7006973275
960253.9008180198,1952659.117431231
960982.343245656,1951942.7161357887
960834.540457828,1951684.2153577819
960382.3832040087,1952186.220298439
960873.8264331549,1951903.734819939
960966.5925233245,1952179.7601195232
960323.279110907,1952299.0391644905
960902.0161880283,1952388.4143411275
961048.976053237,1952388.0792283586
960579.6550660039,1952114.983495282
960295.3389395549,1952422.6197181246
960983.7898396117,1951704.1907933252
961063.221770534,1952450.4361626627
961050.7327825386,1952017.9555609638
961017.8692788308,1952122.4557881402
960458.5704539316,1952183.0171218838
960725.2315693729,1952004.3634308795
961094.6899305403,1952336.689525783
961244.1768033804,1952059.0022410213
961625.5722744523,1952043.3215712023
961131.4570605352,1951989.456610756
961456.1985309529,1952524.972674078
961214.9012577115,1952515.3259964269
961347.7477681314,1952096.81652529
961916.4004628988,1952514.3563399685
961151.6208088867,1951844.90756811
961197.5172998051,1952227.6566096917
961800.501444695,1952333.035019984
961501.1253344701,1951752.8034434186
961982.087956517,1955526.2201484372
961556.9418421907,1953005.1920076266
961635.8030328575,1953007.0275121275
961592.7417750339,1953009.5936362683
960970.0696334095,1952936.3654345376
960755.3352607234,1953150.191416104
960205.0899353889,1952854.768604263
960725.6493586773,1953394.1635187191
960980.1940679661,1952727.522986672
960566.3882055422,1953434.9539523188
961111.383549964,1952944.883851824
960908.6864438923,1952881.1275210981
960679.4436266132,1953377.436529939
960127.9230042293,1952748.5548859588
960748.8059789237,1953752.8744181823
960854.9262312743,1953685.8151267788
960579.9130543491,1953614.4009003656
961192.3968348114,1953064.7473865622
959166.7936397681,1953858.3597688042
959046.081771578,1953587.2800551117
959975.1655449371,1954030.8676014412
959670.1367676904,1954089.9690740851
959939.9422009374,1953345.6039267203
959696.0298358026,1954310.7475292184
959990.7183127297,1954088.5079382064
959852.55012626,1953998.5317022114
960513.1674596928,1953782.1003410725
960273.2304546305,1953827.8494424862
960008.9339774963,1953893.2390135373
960207.5484950271,1954160.078819498
960236.1090138598,1954316.1240495353
959715.5951798914,1954212.9508061172
960372.1530207825,1953779.8450149256
960433.2062763112,1953936.6229386798
961910.8979277813,1959735.9784968386
962831.5711151878,1960128.8730816813
962621.1376679796,1959696.0108889875
961989.5408431821,1960816.4856241806
962770.3605296169,1960420.5181753729
961602.0302400852,1960481.213160418
962175.0811518938,1957732.2530471438
963527.3233222591,1957718.2722917239
961561.7644076606,1960998.4254191234
961649.5531097532,1960794.3438679671
962814.9112157151,1961836.7922799643
962311.8111929575,1960741.6713292878
962730.7390624176,1960619.7233103018
960549.8619947708,1963094.714170342
960542.2892016151,1963113.7993969382
961820.989180187,1962178.1714752004
961141.2623749926,1964314.1812662948
961503.1286558352,1960328.5631010938
962318.2596736527,1960747.4112811508
962401.8687974333,1959174.1275934458
962067.6375544084,1958957.5820210197
961891.5831676568,1959010.4991852182
961718.6114718117,1959568.4182194
962878.2109473182,1959497.4789526898
960623.6921370273,1958644.5698041103
961069.4041987925,1958619.8095283248
961121.8528547733,1961139.6152288076
961028.0466620988,1961151.030236202
961039.6789331199,1960806.221353413
961009.8812333418,1963294.8470424567
960917.3825331747,1963195.373935994
960782.5065051098,1962702.7284813416
961410.7239801513,1962793.9645323534
961608.7832505058,1962978.9742776481
960876.93301747,1962379.3050123064
961036.7378748449,1962375.997468023
961212.5335547496,1962380.1735623202
961512.738875016,1962136.9878768788
962600.6863360173,1958814.801078889
962044.0924387255,1959767.540905196
960364.671798092,1958814.380895705
960563.5951040713,1960337.2104684613
960758.6168968133,1957849.7388407912
964260.2004428814,1961414.9268953311
963033.6664463754,1962564.343806491
963276.7696211392,1962788.5697019077
963275.8944284149,1961419.8691799073
963198.2253496397,1961552.6342031865
962786.6391294313,1963031.8885515286
963939.003826577,1964135.452344814
961348.9091453782,1963736.0842146382
963917.0179215805,1964532.1318972223
963920.6514302278,1964088.6729455022
961218.5503077478,1964610.1092203632
960592.8145219412,1958251.6755672973
962104.8476894986,1958511.1461612885
963005.1875986431,1957506.72385827
963837.713561105,1960296.4886567718
962234.5257089869,1958684.3943904226
962875.5093588645,1957935.2580366
947674.6597837986,1939492.2782110786
947799.3773066434,1939747.120650306
946361.3878851696,1941371.352206509
947582.4968932465,1940545.0963152326
947564.432176781,1940569.3970107613
946672.4195963033,1939485.992063492
946549.8191475191,1939553.0150831651
946572.1481167565,1939490.4074613801
946152.4517536735,1940677.6051320713
946142.6933942778,1940672.8974859419
947357.2415258553,1940487.9376478072
947419.0110927506,1941375.6934436162
946517.85492041,1941707.297527885
946629.4459690435,1940673.6436947347
947470.6286184983,1941987.8061780839
947981.008608789,1938906.7683262182
947320.3026259766,1940855.4124592342
947467.6044115078,1939226.0854114946
947281.5996149938,1939366.7240726093
946791.8226484,1940675.1553685106
946069.4855325571,1940620.8927723987
945524.7202098259,1942187.0546149828
946064.1078859114,1941973.510991146
947537.8315481988,1938720.4934734607
947761.3929375022,1939021.86601236
945799.582285121,1941856.2930842056
947598.5914793906,1941766.0991602861
947455.6008657863,1941806.4993170658
947312.0651394618,1941160.4634280703
947282.5641778153,1940663.5988882522
947637.6132850306,1938931.9988228686
947457.645506841,1938853.4718400834
945676.9190610622,1942232.1029662702
948018.3558948828,1938470.8404772975
947650.1069052994,1938555.6937623117
947877.4300495299,1938426.565646279
945832.1458650383,1940271.1694426974
947527.8717379649,1940451.466995211
947223.5239070876,1940292.6271830627
947187.2416677979,1939968.6648009454
947418.4884546977,1940663.5152694324
947797.290628365,1941866.5896948036
947475.0679243661,1941150.6674930644
947479.0529411152,1939834.7887084289
947668.342712488,1937882.3439815142
947464.7940419387,1938500.4993404301
947660.5600646503,1940062.976081092
947643.889803547,1938087.5303560959
947541.9453283399,1937702.7372751452
945793.4983229457,1942496.4006973503
947707.1164481321,1940575.2667581637
947304.1027040805,1941759.971739667
947788.823937804,1940799.5358867398
947273.861473284,1939694.959505764
947524.7801069833,1937154.7606592737
947715.0538372743,1939530.3016089106
947886.4314142466,1938635.0923637613
947987.4833605014,1939362.5043975
946219.3387593058,1939190.6768754332
947354.1219312921,1941531.987377191
947527.9313266563,1940797.405237816
947506.0719218481,1939182.6836722426
947297.6517512434,1938591.2022703672
948209.9203851582,1940113.7923136079
949372.8454614172,1939012.1297648374
947805.9270959586,1940227.265585348
945857.579124226,1942316.6886374387
946212.993389382,1941724.9075725917
947792.5325225982,1938528.9483163303
947875.2576921467,1938955.4706158806
947610.1561585689,1939600.6371028551
948255.4053085656,1938837.823203189
946799.943737561,1941059.9858281498
947475.9452083454,1940295.190365948
947156.4024359622,1939499.4139733405
946683.5505997894,1939773.799869434
946698.7004117067,1940826.9751218574
948842.9422412432,1938525.0895680012
946317.3052705495,1941569.7920832657
945790.974238835,1942434.7291760747
947273.3418551479,1941343.2200013343
945591.6603223609,1941309.5603420874
945785.9104445671,1941400.2689821522
945163.3360836137,1942493.3213387579
945369.2756154432,1942590.2670634594
946805.9243337349,1941842.9160175212
947636.5871110572,1939401.539788027
947346.4820157896,1940674.28897085
947369.5886467795,1940734.1661226936
947405.1498180405,1940721.8477757813
947509.4477358266,1940951.4080186822
947662.5700629276,1941057.1760088701
947392.285649602,1940883.137936782
947445.6623559785,1940905.3231679602
947596.4844257961,1941010.6607022507
947718.5317557618,1941096.9875762565
947475.0823121958,1941250.9652932615
947566.6877679229,1941235.852970998
947511.9143714963,1941244.1867811014
947618.8133917439,1941228.312840878
946022.6391358068,1942641.030478501
945878.8301020206,1942620.21928728
946501.1447671895,1942133.6723805522
946501.1447671895,1942133.6723805522
945905.8535460822,1942615.3835307676
946080.3216073327,1942510.2904472027
946091.1160158186,1942552.3812745472
946250.280033862,1942500.2030308552
943235.6571029196,1944535.4302965107
941931.1355899372,1943588.8251467808
945689.2824096095,1943298.9142918673
945533.7812977772,1943219.1603378053
945778.7384835603,1943771.309211353
945545.2713218878,1943124.2229949252
945553.9426268821,1944123.9353476071
941931.1355899372,1943588.8251467808
945768.8446568558,1942620.6031480753
946087.804171454,1942614.3125996306
946324.2066624769,1942515.591205184
946125.7129002289,1942433.662919641
946193.8774272365,1942391.9482966447
942531.1540058737,1943552.0354528292
942530.0807288345,1943563.0269806904
942493.891169122,1943596.7843588595
942469.0645755471,1943560.6753166013
942487.3215777066,1943707.7804178179
942556.9381542421,1943765.1042498439
945536.16196772,1942948.316356788
945539.9736927323,1942801.3939414318
945480.394640641,1942910.9589959143
945596.9592516697,1942808.6763600386
945573.7090212854,1942849.5470886724
945565.4234703403,1942907.4061445608
945505.3245474248,1942924.1095054266
945510.6226830871,1942869.1546543215
945660.5025199016,1942885.9255597708
945703.5283242854,1942881.2064411829
942737.214628792,1943152.3010352321
945093.8793006404,1943422.7628259815
945991.5983855332,1943973.2941551164
946064.4540571034,1943049.0536337188
942811.6689406229,1944926.9979409445
943114.4826160073,1945131.5092400303
942705.7621483398,1945104.361263992
943084.6013087707,1945298.3618941787
943508.7860369598,1945053.705053361
942921.9950569669,1944671.7183616299
943232.8045037414,1944868.3015859104
942695.9522626125,1945258.317705214
942964.5322510051,1944751.865492411
943230.2924913821,1943840.694837697
942808.3495347298,1943108.6516163982
942186.3936378128,1944088.986791263
941014.8375035725,1944090.7842531942
941803.3986325655,1943931.003166583
941871.1480896227,1944163.3038706435
940969.7163857038,1943176.8685180575
940299.2365893559,1943500.1970831447
945968.4069029755,1943261.480316578
942496.8866358597,1945294.1989789808
946082.6762440513,1945448.2257021698
945528.1547626404,1944653.5577211217
945528.1547626404,1944653.5577211217
944280.3286152476,1944512.0494533994
944280.3286152476,1944512.0494533994
944280.3286152476,1944512.0494533994
944280.3286152476,1944512.0494533994
942543.3870543188,1945001.5217459295
942414.7634843207,1945126.7881988927
942771.7081463296,1944925.8307435932
942935.4127606186,1944591.8526728677
942866.5687023754,1944375.5281875476
943131.6865464647,1944532.8127102149
942102.2227098024,1944683.270640018
942302.5823133981,1944424.4710512746
943024.0156495854,1943732.5982651024
942740.7117722227,1943801.1155331207
942836.148879471,1943705.59586784
942893.0384554473,1943544.9922712874
942994.4046415907,1943462.5259654357
943355.8815720209,1943161.5983578227
943384.0860056127,1943304.6430692475
942964.382683736,1943287.4302233204
942882.2270134027,1942563.266443237
942763.7651865724,1942475.653654495
943024.6413255611,1945113.0413855035
943024.6413255611,1945113.0413855035
943024.6413255611,1945113.0413855035
942882.4968325053,1942525.3195819494
944759.0019518258,1943609.9353965318
944883.5815148688,1943492.610813551
945919.6896648745,1944143.8479214325
946557.3096493545,1942109.0132933215
946501.1447671895,1942133.6723805522
946135.6080625579,1942268.7278493075
945905.8535460822,1942615.3835307676
946107.1998387254,1942346.5765821494
945689.2824096095,1943298.9142918673
945533.7812977772,1943219.1603378053
945778.7384835603,1943771.309211353
961976.6372855605,1948377.5596198577
961894.6535458657,1948224.828499484
961656.4181159824,1948101.6653422513
961614.1473592973,1948704.3054951048
961618.8113558273,1948566.7090249676
961719.0368944153,1948651.6753370678
961698.3178112571,1948565.2319774642
961785.0913644009,1948606.9917070447
961794.4465147491,1948528.1759173418
963398.7092104192,1947895.1985616055
963180.5932540126,1951104.7621431055
963026.9835570774,1951515.9526983146
962876.7342004388,1951491.106598259
963041.5615301515,1951418.2536426308
962920.8172144014,1951474.2670226542
963225.2501356944,1951216.6209568386
963156.3671201998,1951218.0364529334
963069.5782433137,1951165.1679447235
963011.3970320828,1951189.8359622352
962939.5517746167,1951318.856356596
962835.9872057574,1951267.174809222
962768.8004554367,1951449.4307750452
962725.9645812446,1951154.5023341672
964000.4509337314,1950143.6830303082
962637.6737590823,1950965.1793540567
962894.3450354699,1951084.9590063426
962830.0683486679,1950932.1392751345
962750.4348714597,1950900.3220332535
962856.181707854,1950846.5924753814
963054.6706482962,1950991.0465606677
963117.2447236942,1950960.8119360167
962996.6035352647,1950843.7452883194
962965.4578405689,1950791.7390353694
963194.4512792182,1951440.872048702
963162.351856675,1951372.2271319898
963215.2135238695,1951343.1458641845
963446.91121933,1951412.0174230656
963610.0079060504,1951345.8403352906
962107.1305478326,1948126.2213952497
962327.1326311642,1947738.0133216747
962207.2045966359,1948177.9100397541
961631.7508799627,1948308.141592372
961513.5125823942,1948340.8641671957
961601.188303554,1948385.9462395683
961837.3279335178,1948439.2205439555
961913.1335868918,1948401.1499557102
963892.4921634698,1947664.483518795
962719.5742186861,1947572.0385563325
963012.5132124815,1948470.508656402
963578.7548552922,1947850.0271968902
963270.7299826783,1951315.162646091
963278.4178834296,1951256.3263031745
963338.4988186208,1951461.3134312185
963058.2449540988,1951594.5861485212
963431.6220192222,1950949.4332856396
963463.1337400944,1950884.9446829038
963696.5823589582,1951351.0079082476
963671.6431653649,1950698.7455547957
963780.3972735686,1950724.8968947683
963522.4590277207,1950517.4469830503
963542.1346352856,1950572.8341520915
963432.8156079226,1950819.6193533123
963387.3301757457,1950719.9673912742
962045.1274659147,1948671.256502041
962074.2204471288,1948657.8097099701
963237.4607940441,1948592.6598144704
962005.8980743162,1948207.6760558742
961877.5879870229,1947971.946959568
963040.1218759813,1951491.4855714494
963457.1371682627,1950927.1312049506
963136.4949656028,1951912.6577002537
963496.6422206738,1952075.2654869356
964165.9420679384,1950624.4774725705
964058.3187954595,1950859.042692184
962001.1328564417,1949481.3747130395
963661.4431191239,1951192.5068797665
963515.4642047723,1951135.4556490956
963736.3810126532,1950556.4492204667
963731.5083589111,1950452.1799277328
963745.475496756,1950414.3966811204
963661.5529892099,1950613.3602194386
963705.1294831883,1950882.7716999375
963590.2044181213,1950858.867424712
963632.9630197942,1950539.1508165272
963407.8859777343,1950574.5353194422
963637.3050865962,1951126.0442260879
963714.0258425165,1951099.0804608366
963185.820304468,1950690.9043007367
963272.3890314994,1950892.4447834152
963387.1267946226,1951273.5968303732
963538.2274305312,1951290.6821084043
963544.8778640873,1951196.3473660282
963297.8708780109,1951062.0817290342
963378.5113379606,1951122.746117466
963690.5329471607,1950978.2505357116
963108.2701980014,1951920.5496989803
963442.4984036385,1951612.8521997358
963475.0176183272,1951977.7267804448
963407.8639365168,1951769.4413923568
963314.2581436473,1951770.964877179
954367.0917267955,1941456.8369567054
951110.521404888,1942669.8181279495
950252.0784129871,1943565.473267879
949226.2030790447,1941415.2064381405
949228.8387373592,1940685.1653542113
954020.7009003652,1941003.6813692998
951204.0711899285,1939528.8541581463
948253.9598963689,1940970.4616908461
948600.0025628323,1942269.6047775603
948540.4120459398,1942185.8152990125
950354.8187220632,1943462.9679681235
950709.0852266186,1943482.7793352576
951155.3679616917,1943601.5908419064
951501.3498004136,1941558.6606114344
951403.2094518872,1941556.0060979447
951696.9268651825,1941611.8513147403
951653.894517793,1941627.684068675
953295.138819939,1941741.6329265952
953339.6423525993,1941743.3146574574
953911.9193502663,1941532.6871495584
951129.8188214705,1940847.3878876243
950781.1978289075,1943403.8601978172
950943.728028436,1943286.574044194
950978.8515346787,1943276.0208409666
948320.9396320977,1942420.6032477284
948291.7581571005,1942442.6871384257
948234.2881380181,1941400.2300742269
948472.476188588,1940278.303208769
948488.1089536857,1940242.070441176
949270.0228711824,1942366.6637310141
950365.6146827943,1940868.442203591
950584.911682757,1941944.832084457
950116.639381398,1943116.9326160643
950252.02045107,1940391.7980332451
948319.5173642309,1941585.7268464197
951015.8684727916,1941789.270925414
952667.3841070147,1941632.8747004655
949237.7216054164,1940577.1393876455
948245.5791634185,1941019.1992692712
951087.8836868508,1940970.601553308
951044.2481720655,1940921.9024047975
950666.291403721,1940814.4999339527
950024.2169634148,1941453.3251544724
954125.4403170572,1941215.8171560604
951753.2145223757,1943401.266838342
950206.1964240818,1942302.0857728696
950813.8964326661,1943473.644136455
953340.197687114,1940816.3497500813
953265.4634788973,1940819.4565120668
950384.2299171797,1942313.4298562263
950797.1179353126,1942277.4185152808
950590.5179289144,1942031.1932104
951496.5442704724,1942164.2607172432
953124.145741276,1941794.5998006517
952476.082003841,1942505.6814727173
948664.963307835,1939815.2744784865
949024.021637704,1939742.1598906487
949095.051507443,1939857.8292108143
948325.7458791108,1940792.0691508236
952774.5674964201,1940839.6482126378
950512.2297308202,1942328.06659278
952372.3082866481,1941119.2152290333
951160.2677007243,1940817.5481657884
951152.7034614797,1940850.1214665573
950459.4858910069,1942104.9426300225
953897.171686996,1941603.1308205314
950700.7660514256,1940801.674059724
948628.5797098139,1941911.913115931
948803.291976732,1941903.3176744615
948886.485557287,1941907.2571281241
947397.3514605509,1942380.1164032677
952656.51614172,1942050.463797342
950640.7645033805,1942714.314212998
949810.6495528287,1940151.7685990804
948391.27462617,1942184.133485202
950735.480727371,1941692.174518357
950766.6473221236,1941703.6738983667
951876.0410303236,1941684.0895597774
951890.7368461621,1941713.1051010722
950283.9205389133,1941815.0403484218
950292.969070218,1942452.946965866
952635.2323743075,1941475.9277656407
950713.7560110394,1941316.3581577148
950734.2682348143,1941336.7609433527
949506.2158341499,1940500.5585241893
949537.2885541811,1940494.099170572
948861.036966582,1941743.2105000755
948900.0433670083,1941760.9466294432
950058.0271992243,1942868.697308794
954229.2948552524,1941350.0783502401
954244.2191741054,1941336.8533636879
951543.9082476816,1942629.6534488164
951523.8948089648,1942651.4483366811
953093.3241786711,1941464.27548657
951296.0713403,1940666.135390662
951282.4083129978,1939763.0432804455
951309.342687065,1939801.3823230797
951050.0333230251,1940687.783308827
950532.5409545237,1940485.0602459847
950499.180664263,1940435.658191906
941470.2727783328,1948278.7494685717
942343.898139561,1948171.8903872499
941862.935317792,1948330.5777202859
942131.3322696452,1947667.8750883045
941699.7128399434,1948238.190533962
941923.5271769814,1947822.6612864474
941372.2264696718,1948783.0513858343
942015.3589054389,1947510.023893087
942138.1139719906,1947728.0744169373
941489.8151127046,1948368.7044197684
942062.918295532,1948120.4794347216
941468.395267858,1948638.9118903985
941518.5807100408,1948814.6384462705
941813.7108092624,1948744.8831693106
941717.9496260474,1948318.7242559148
941814.2126285447,1948438.431265234
941758.8696161101,1948232.2276100777
941906.8917114096,1948298.9815745347
942006.1550859322,1948342.6679496844
942143.3710717723,1948254.0585385999
941988.4781807803,1948215.4191428302
942256.7548600168,1948168.5019747743
941741.6473530935,1947843.0195080445
941849.4804914144,1947923.479851959
941932.7228169687,1947444.585433503
942389.2550703291,1947526.9480641037
942096.2076680653,1947826.1148348025
941993.8924489642,1947978.721764206
942574.5620128105,1950974.371024003
944918.8443335558,1949765.4087330394
943191.6108499626,1950974.1148250117
943964.1060811823,1950240.7948992439
943443.761594118,1950634.210639715
943922.7298760134,1950575.1492733273
942262.1851878194,1949025.1208218932
942236.379442427,1948833.576114001
942287.2713197754,1948668.7918190171
942574.46848987,1949634.0747882167
942811.1966604418,1949553.4419037586
942684.4484836943,1948942.8628293788
942503.1610034519,1948828.6165787838
942815.3377634939,1948680.2253330771
943583.5286409742,1947871.2369680966
943907.6008305528,1947879.802770669
942663.1713339111,1949942.0176629685
942457.5927796043,1950194.30311024
941913.539128039,1948743.7399576593
941798.2164661068,1948677.2003741933
941551.8375727679,1948443.6035558523
941918.9426208045,1948379.6699599773
941935.2181879107,1948559.0757139814
941865.3222885822,1948166.796508751
941711.3683588179,1948136.4770187745
941937.9486046191,1948065.322236195
942163.3452580575,1947950.5780474269
942304.8155007876,1947964.3499934287
942444.704674099,1947877.6133781832
941713.4502546813,1948810.2716404987
941933.0289789559,1948877.5221697274
941415.8198702501,1948700.6392037196
941790.0819620285,1948399.2126702198
942068.4582524059,1948407.8051580174
942355.2821960776,1947851.827506685
941912.8612393235,1949151.7139585346
942126.9518054649,1949522.9045242295
941878.4222463183,1949469.277092856
942201.2597311751,1950728.8762503685
942084.930221463,1949248.7032915528
941733.3567085573,1950310.976988227
943912.2406499301,1950343.3317298118
942305.5046474037,1949499.3595482702
942225.5912166757,1949606.0964627385
942329.1824256317,1949690.2536841172
942240.2211534254,1949461.5354994056
942199.7307618933,1949343.2101755864
942074.2992222751,1950762.3819960412
942002.0375128177,1949219.8801478948
941840.240399264,1949252.5230577237
942090.09426583,1949431.6265713451
941771.347706729,1949393.3602624226
941636.7149156817,1950272.7123535434
941867.0319534536,1950302.0504128775
942061.491163657,1950446.2585341712
941983.0040189382,1950338.4072283548
941864.4642478005,1950364.201481371
941843.0472476919,1950408.8433575819
941760.9607709128,1950417.8517312056
944260.0726588032,1950510.631213379
944997.6282248014,1949976.3586655469
944631.3077942494,1950348.7073137064
944915.5748751138,1950456.8778533798
943469.4221983586,1950511.2123016068
944541.3518430835,1950105.992329512
944459.5680239354,1950556.6689100112
944654.1855369209,1950732.445966984
944700.4923955991,1950656.357298288
944621.9479754934,1950005.2648746206
945179.0888788095,1950099.200561067
944642.6657325911,1949800.5326436388
939681.3665312746,1953129.6434397404
957165.6789502156,1961308.0039658844
958863.412772601,1958548.7602770254
956767.8646318613,1962290.732153848
956803.1570444183,1957765.9611646957
958056.9797958317,1958629.941143147
958327.0055169481,1958981.285057315
958448.2703988992,1957434.1470463222
958277.655688422,1959394.1543663724
958988.1758059787,1959782.3576098396
959077.7806239007,1959210.1958175867
959583.2640474024,1958706.994171701
959991.3135879098,1958466.1050703893
960174.675884164,1958133.137114142
957890.4347393403,1960481.6436407487
958442.3175751759,1960124.1709687326
958206.277549644,1957441.246696831
957892.405922449,1959121.317147524
958949.8081973954,1959052.8823297035
957215.0211191198,1957853.944705714
957138.9112677039,1962583.7048006048
957039.5548875873,1958187.171519554
957585.0645371561,1958814.2511460818
967576.4933491327,1947585.691252609
971382.8233346634,1951572.1805851911
971411.063776808,1951515.1674448778
967256.9130259259,1948550.0735736885
967018.6424490102,1949461.0029458348
967087.5491428759,1949461.838506362
967001.6553788161,1949410.035034841
966949.4083675708,1949378.068634485
966863.357635067,1949287.4358315018
966866.1984786101,1949335.1315939932
966912.6232702034,1949236.2035147399
967016.1472696437,1949277.9506942465
966803.0300033174,1949223.3280835522
966885.1274783785,1949208.576621815
966768.0352453996,1949088.1132399386
966782.4453250745,1949156.8424800145
966704.1272474859,1949012.9258840233
966855.4078104262,1949066.6835510014
966876.6715878114,1949082.1311029391
966800.2057241045,1948959.2861069518
966890.553457639,1949018.8360038707
966906.3086754145,1948982.1606713363
966948.6992620678,1948978.6631506267
966972.7857116777,1949037.3689150293
967029.5674051215,1948876.2701612029
967094.2203606378,1948917.0635532693
967287.4112564035,1949293.5177030654
967317.1574672413,1949220.1755280925
967346.0251864002,1949147.9464010957
967375.675050096,1949274.3088876305
967260.0772628124,1949082.8268752054
967223.8489772165,1949080.751108929
967326.3455859055,1949085.8938040554
967377.0357320419,1949171.1231014319
967373.7523787096,1949010.2633418387
967540.6865223894,1949001.8417247299
967540.6865223894,1949001.8417247299
967605.370643384,1949051.5146746065
967514.8842087435,1949180.5669192462
967763.3276944753,1949006.5202303673
967743.7933683699,1948981.0785015184
967559.7264733242,1948900.8057598132
967616.6035351293,1948987.121737689
967448.3935329012,1948895.6948572327
967341.4431613589,1948657.5802599047
967271.1746632985,1948761.037728605
967180.5897618682,1948641.573472245
967226.1087996928,1948981.9996212698
967088.188696681,1948732.9160208453
966899.9893802393,1948727.008480127
967115.7129207592,1948990.203084599
967866.3354794732,1948231.713513778
967864.3343291179,1948399.2504481757
967751.8999814681,1948339.775897801
967523.4563751627,1948437.191054081
968028.265244338,1948983.3048099543
967596.0137529639,1948465.7532553095
968106.1720510595,1949026.2738442726
967704.1019546877,1948770.4345177491
967886.8484906261,1948737.5500868422
967546.1337962786,1948587.9895688202
968069.3326434111,1948865.5431682852
967997.1670065647,1948708.277375818
968241.9746152649,1948962.5128974156
967439.1006460206,1948554.0158076494
967319.9517773526,1948584.4401895378
967282.0069655947,1948595.6845072017
966897.8061074438,1948622.7273233877
966848.3277689392,1948842.5994692408
966884.7078832856,1948882.39488366
966855.7951615389,1948721.6377097515
966749.1701785916,1948789.7421561603
966748.5937867757,1948866.2977061092
966651.2473218098,1948824.5289655107
966540.9528188885,1948858.2573939369
966759.4974012978,1948941.6977583442
966696.4627311798,1948864.2880289832
967820.5935062303,1949421.238141015
966940.1116739666,1949483.5051672768
967193.0914710165,1947558.6858240112
967762.4387345004,1947414.441812704
969212.6481703105,1947477.7179106174
969345.5308648122,1947810.0641041894
969497.9970968313,1947944.856165212
969426.0514993975,1948081.5849951645
969587.5333869939,1948508.1340865884
970109.2022454641,1950093.8787380813
970597.4757385951,1949790.357301898
971261.4321050724,1950209.623663321
971197.2848532271,1950813.394925869
971271.9946868643,1950453.6690412406
970894.6380600848,1950898.772281402
970878.4735032074,1951074.124622927
970574.9796904711,1951663.2145264163
970707.3785292862,1950893.8851302434
970550.7356137491,1951054.203675137
970190.2779512914,1951023.318688573
969905.5100881946,1951163.031845248
970042.9098173036,1950570.078777469
969427.1598268329,1950776.470268194
962984.2099455075,1943588.8640677177
965203.3125264858,1942994.0306143966
964216.3073382779,1940727.8265506201
964380.033098005,1941149.9375893471
965259.8111920423,1943164.7618580125
961026.917239564,1944208.9115543766
965265.6508749377,1943017.9559335222
963365.0872562971,1942577.120779891
963029.8876416897,1942033.4159948188
962892.5505036647,1943175.9977860062
964929.5353308945,1941259.6561067826
965595.9377342137,1940476.591039657
961575.4369841736,1943030.9870485896
960047.5880451612,1944501.8050934398
960158.4664228155,1944232.7806838083
959881.3670346228,1943833.7068342657
960758.9289536631,1944475.8912303688
961063.1607160378,1944454.3778668735
961391.8261579743,1944820.8540562275
961461.8200793468,1943961.6898438302
960652.8846872377,1942801.6511483588
959928.7901788969,1941899.0097950683
960370.754371268,1941778.6218599898
960660.6490105651,1941584.197964504
961365.8656365932,1942507.51470546
962554.6174432732,1943459.4289840553
962764.6170147123,1943607.3750938391
962964.4561261745,1943738.3969419112
963654.4965884663,1943636.7174078524
965036.439725866,1942982.3053540534
965090.3902382341,1942145.9901930138
965166.1422105121,1940959.7735860466
965222.1546494734,1940863.0163839108
958916.6173055687,1943279.437472001
959313.3289626542,1943717.1238997348
963036.2716229019,1942472.7454898208
962869.0046599769,1942449.1940370586
962794.5618864463,1942405.947343869
962753.8269599308,1942186.3453825
962914.9813271788,1942154.4487715894
963142.7382686392,1942173.7941084437
963428.5319033149,1942225.718990337
963599.5262426906,1942724.081456148
964032.5289563173,1942693.005726784
962985.9773565943,1942527.1555062744
962899.7638453137,1942530.4578884155
963045.7263313076,1942370.1336845635
962985.9862667228,1942402.1301877035
964211.385020166,1942656.6418609084
963887.2872381401,1942538.0449730097
963676.1478047165,1942339.0959596431
962857.8851349083,1942519.0511004007
962876.069983,1942392.058451008
963591.2328053127,1942455.6059703657
963440.351394015,1942707.6058892424
963398.4834173898,1942088.0784384501
962871.0393014619,1942219.9146197764
963856.9019114015,1942589.267766526
963215.7387942423,1942536.3089382683
964349.7432004266,1942552.6564259173
959427.3672227835,1943708.5224958628
959113.6380601594,1943890.5382893013
958749.9253896542,1943960.3914245162
959056.3995337834,1943795.3502294098
958727.3723438047,1944000.7439941156
959145.1118477619,1943655.8856921636
959306.5524426327,1943607.8076991215
958973.1737923839,1943785.0544452227
959077.0855915376,1943651.915765414
959479.7238459048,1943566.5876381504
958791.3729155184,1943414.6365006065
958928.9785923158,1943465.8894396578
959419.9399879117,1943556.1730624887
959347.2798022154,1943678.4479738253
959140.8623436952,1943940.374911313
959291.9528986532,1943419.2582188759
958826.2943227456,1943547.0562257015
959144.6025918025,1943543.3435112466
959347.130264684,1943528.6591436267
959316.118310488,1944001.4675589558
958794.757080705,1943822.4502098118
958720.004262171,1943594.2147482212
959141.0963993128,1943876.5347978687
958833.7930518498,1943741.964234013
960348.8024743875,1944320.8936630005
959685.1288396035,1944299.569354017
959510.768318906,1944244.4114236622
959512.6730303697,1944123.7804698555
959593.6736940416,1944039.132843473
959723.8793329486,1944275.5943006354
959703.0006941351,1944153.5317703167
960096.233295533,1943994.709882109
963423.4727687663,1943518.5308218538
963440.5251620363,1943719.3129860656
963611.9829793408,1943593.8896706402
963692.3059073125,1943380.0109788063
963648.2319614571,1943405.100083428
963566.7411785687,1943354.4218293026
963467.351204454,1943399.0260687112
963339.9097327797,1943280.8084323052
